{
    "box": [
        {
            "Vleft": {
                "x": 1.5299999713897706,
                "y": 1.600000023841858
            },
            "Vright": {
                "x": 5.119999885559082,
                "y": 1.600000023841858
            },
            "Vup": {
                "x": 3.3299999237060549,
                "y": 3.3499999046325685
            },
            "Vdown": {
                "x": 3.3299999237060549,
                "y": -0.14000000059604646
            },
            "Syleft": 2.93184494972229,
            "Syright": 2.93184494972229,
            "Syup": 2.974637031555176,
            "Sydown": 2.974637031555176
        },
        {
            "Vleft": {
                "x": 1.5299999713897706,
                "y": 1.600000023841858
            },
            "Vright": {
                "x": 5.119999885559082,
                "y": 1.600000023841858
            },
            "Vup": {
                "x": 3.3299999237060549,
                "y": 3.3499999046325685
            },
            "Vdown": {
                "x": 3.3299999237060549,
                "y": -0.14000000059604646
            },
            "Syleft": 0,
            "Syright": 0,
            "Syup": 0,
            "Sydown": 0
        }
    ]
}